,id_student,highest_education,final_result,1752,1753,1754,1755,1756,1757,S1752,S1753,S1754,S1755,S1756,S1757,TSC,TDC,excellent,qualified,AS,EwC
0,11391,HE Qualification,1,1.0,1.0,1.0,1.0,1.0,0.0,78.0,85.0,80.0,85.0,82.0,0.0,934.0,196.0,1.0,1.0,0.0,0.0
1,28400,HE Qualification,1,1.0,1.0,1.0,1.0,1.0,0.0,70.0,68.0,70.0,64.0,60.0,0.0,1435.0,430.0,0.0,1.0,0.0,0.0
2,30268,A Level or Equivalent,2,0.0,0.0,0.0,0.0,0.0,0.0,0.0,0.0,0.0,0.0,0.0,0.0,281.0,76.0,0.0,0.0,0.0,0.0
3,31604,A Level or Equivalent,1,1.0,1.0,1.0,1.0,1.0,0.0,72.0,71.0,74.0,88.0,75.0,0.0,2158.0,663.0,0.0,1.0,0.0,0.0
4,32885,Lower Than A Level,1,1.0,1.0,1.0,1.0,1.0,0.0,69.0,30.0,63.0,35.0,75.0,0.0,1034.0,352.0,0.0,1.0,0.0,0.0
5,38053,A Level or Equivalent,1,1.0,1.0,1.0,1.0,1.0,0.0,79.0,69.0,74.0,50.0,68.0,0.0,2445.0,723.0,0.0,1.0,0.0,0.0
6,45462,HE Qualification,1,1.0,1.0,1.0,1.0,1.0,0.0,70.0,65.0,62.0,75.0,68.0,0.0,1492.0,355.0,0.0,1.0,0.0,0.0
7,45642,A Level or Equivalent,1,1.0,1.0,1.0,1.0,1.0,0.0,72.0,72.0,72.0,73.0,73.0,0.0,1428.0,531.0,0.0,1.0,0.0,0.0
8,52130,A Level or Equivalent,1,1.0,1.0,1.0,1.0,1.0,0.0,72.0,68.0,75.0,72.0,70.0,0.0,1894.0,593.0,0.0,1.0,0.0,0.0
9,53025,Post Graduate Qualification,1,1.0,1.0,1.0,1.0,1.0,0.0,71.0,80.0,78.0,80.0,81.0,0.0,3158.0,904.0,0.0,1.0,0.0,0.0
10,57506,Lower Than A Level,1,1.0,1.0,1.0,1.0,1.0,0.0,68.0,76.0,78.0,80.0,68.0,0.0,1319.0,403.0,0.0,1.0,0.0,0.0
11,58873,A Level or Equivalent,1,1.0,1.0,1.0,1.0,1.0,0.0,73.0,74.0,68.0,73.0,78.0,0.0,1732.0,526.0,0.0,1.0,0.0,0.0
12,59185,Lower Than A Level,1,1.0,1.0,1.0,1.0,1.0,0.0,67.0,71.0,78.0,88.0,89.0,0.0,1102.0,345.0,0.0,1.0,0.0,0.0
13,62155,HE Qualification,1,1.0,1.0,1.0,1.0,1.0,0.0,73.0,85.0,75.0,70.0,77.0,0.0,3388.0,981.0,0.0,1.0,0.0,0.0
14,63400,Lower Than A Level,1,1.0,1.0,1.0,1.0,1.0,0.0,83.0,42.0,78.0,76.0,79.0,0.0,2737.0,760.0,0.0,1.0,0.0,0.0
15,65002,A Level or Equivalent,2,1.0,1.0,0.0,0.0,0.0,0.0,66.0,68.0,0.0,0.0,0.0,0.0,176.0,56.0,0.0,0.0,0.0,0.0
16,70464,A Level or Equivalent,1,1.0,1.0,1.0,1.0,1.0,0.0,59.0,60.0,60.0,61.0,38.0,0.0,1053.0,205.0,0.0,1.0,0.0,0.0
17,71361,HE Qualification,1,1.0,1.0,1.0,1.0,1.0,0.0,82.0,86.0,82.0,77.0,75.0,0.0,2327.0,728.0,1.0,1.0,0.0,0.0
18,74372,A Level or Equivalent,4,1.0,1.0,1.0,1.0,0.0,0.0,60.0,18.0,67.0,49.0,0.0,0.0,116.0,72.0,0.0,0.0,0.0,0.0
19,75091,A Level or Equivalent,1,1.0,1.0,1.0,1.0,1.0,0.0,67.0,66.0,67.0,65.0,65.0,0.0,2992.0,754.0,0.0,1.0,0.0,0.0
20,77367,A Level or Equivalent,1,1.0,1.0,1.0,1.0,1.0,0.0,73.0,76.0,72.0,67.0,64.0,0.0,680.0,271.0,0.0,1.0,0.0,0.0
21,91265,HE Qualification,1,1.0,1.0,1.0,1.0,1.0,0.0,75.0,74.0,75.0,73.0,57.0,0.0,1494.0,496.0,0.0,1.0,0.0,0.0
22,94961,Lower Than A Level,2,1.0,0.0,0.0,0.0,0.0,0.0,74.0,0.0,0.0,0.0,0.0,0.0,1240.0,417.0,0.0,0.0,0.0,0.0
23,98094,Lower Than A Level,1,1.0,1.0,1.0,1.0,1.0,0.0,62.0,59.0,59.0,61.0,62.0,0.0,2839.0,386.0,0.0,1.0,0.0,0.0
24,100893,A Level or Equivalent,1,1.0,1.0,1.0,1.0,1.0,0.0,63.0,68.0,71.0,74.0,66.0,0.0,744.0,243.0,0.0,1.0,0.0,0.0
25,101781,Lower Than A Level,1,1.0,1.0,1.0,1.0,1.0,0.0,84.0,64.0,75.0,66.0,74.0,0.0,4104.0,913.0,0.0,1.0,0.0,0.0
26,102806,A Level or Equivalent,1,1.0,1.0,1.0,1.0,1.0,0.0,80.0,86.0,86.0,78.0,60.0,0.0,1944.0,781.0,0.0,1.0,0.0,0.0
27,102952,HE Qualification,1,1.0,1.0,1.0,1.0,1.0,0.0,76.0,70.0,83.0,73.0,81.0,0.0,1150.0,313.0,0.0,1.0,0.0,0.0
28,104476,Post Graduate Qualification,1,1.0,1.0,1.0,1.0,1.0,0.0,85.0,78.0,80.0,77.0,78.0,0.0,4777.0,992.0,0.0,1.0,0.0,0.0
29,106247,HE Qualification,2,1.0,1.0,1.0,0.0,0.0,0.0,67.0,66.0,47.0,0.0,0.0,0.0,465.0,145.0,0.0,0.0,0.0,0.0
30,106577,Lower Than A Level,1,1.0,1.0,1.0,1.0,1.0,0.0,57.0,51.0,56.0,38.0,65.0,0.0,733.0,221.0,0.0,1.0,0.0,0.0
31,110175,HE Qualification,1,1.0,1.0,1.0,1.0,1.0,0.0,66.0,61.0,68.0,53.0,69.0,0.0,998.0,343.0,0.0,1.0,0.0,0.0
32,111717,HE Qualification,1,1.0,0.0,1.0,0.0,1.0,0.0,80.0,0.0,80.0,0.0,83.0,0.0,2343.0,589.0,1.0,1.0,0.0,0.0
33,113295,Lower Than A Level,1,1.0,1.0,1.0,1.0,1.0,0.0,81.0,77.0,77.0,75.0,78.0,0.0,3553.0,1001.0,0.0,1.0,0.0,0.0
34,114017,Post Graduate Qualification,1,1.0,1.0,1.0,1.0,1.0,0.0,66.0,76.0,74.0,72.0,71.0,0.0,757.0,231.0,0.0,1.0,0.0,0.0
35,114999,HE Qualification,1,1.0,1.0,1.0,1.0,1.0,0.0,74.0,79.0,77.0,80.0,54.0,0.0,1358.0,510.0,0.0,1.0,0.0,0.0
36,116541,HE Qualification,1,1.0,1.0,1.0,1.0,1.0,0.0,76.0,66.0,60.0,60.0,50.0,0.0,1886.0,514.0,0.0,1.0,0.0,0.0
37,116692,A Level or Equivalent,1,1.0,1.0,1.0,1.0,1.0,0.0,72.0,77.0,72.0,78.0,72.0,0.0,1108.0,311.0,0.0,1.0,0.0,0.0
38,118983,HE Qualification,1,1.0,1.0,1.0,1.0,1.0,0.0,73.0,63.0,65.0,63.0,45.0,0.0,284.0,111.0,0.0,1.0,0.0,0.0
39,123044,A Level or Equivalent,1,1.0,1.0,1.0,1.0,1.0,0.0,75.0,72.0,72.0,70.0,68.0,0.0,2041.0,600.0,0.0,1.0,0.0,0.0
40,127582,A Level or Equivalent,1,1.0,1.0,1.0,1.0,1.0,0.0,69.0,66.0,71.0,75.0,67.0,0.0,1321.0,440.0,0.0,1.0,0.0,0.0
41,129955,A Level or Equivalent,2,1.0,1.0,1.0,0.0,0.0,0.0,85.0,82.0,76.0,0.0,0.0,0.0,1888.0,537.0,1.0,0.0,0.0,0.0
42,132976,Lower Than A Level,1,1.0,1.0,1.0,1.0,1.0,0.0,63.0,65.0,75.0,72.0,62.0,0.0,520.0,152.0,0.0,1.0,0.0,0.0
43,134143,A Level or Equivalent,3,1.0,1.0,1.0,1.0,1.0,0.0,87.0,83.0,85.0,86.0,81.0,0.0,2732.0,569.0,1.0,0.0,0.0,0.0
44,135335,Lower Than A Level,2,0.0,0.0,0.0,0.0,0.0,0.0,0.0,0.0,0.0,0.0,0.0,0.0,73.0,34.0,0.0,0.0,0.0,0.0
45,135400,Lower Than A Level,2,1.0,1.0,0.0,0.0,0.0,0.0,72.0,51.0,0.0,0.0,0.0,0.0,610.0,202.0,0.0,0.0,0.0,0.0
46,137873,A Level or Equivalent,1,1.0,1.0,1.0,1.0,1.0,0.0,72.0,81.0,83.0,78.0,87.0,0.0,5528.0,1409.0,1.0,1.0,0.0,0.0
47,141355,A Level or Equivalent,1,1.0,1.0,1.0,1.0,1.0,0.0,77.0,74.0,70.0,71.0,71.0,0.0,1823.0,585.0,0.0,1.0,0.0,0.0
48,141377,A Level or Equivalent,2,1.0,0.0,0.0,0.0,0.0,0.0,45.0,0.0,0.0,0.0,0.0,0.0,756.0,250.0,0.0,0.0,0.0,0.0
49,142326,A Level or Equivalent,1,1.0,1.0,1.0,1.0,1.0,0.0,65.0,76.0,74.0,71.0,82.0,0.0,2121.0,631.0,0.0,1.0,0.0,0.0
50,144801,HE Qualification,1,1.0,1.0,1.0,1.0,1.0,0.0,61.0,64.0,65.0,75.0,79.0,0.0,5645.0,1620.0,0.0,1.0,0.0,0.0
51,145130,HE Qualification,1,1.0,1.0,1.0,1.0,1.0,0.0,75.0,37.0,49.0,48.0,63.0,0.0,452.0,149.0,0.0,1.0,0.0,0.0
52,146188,A Level or Equivalent,4,1.0,1.0,1.0,1.0,1.0,0.0,52.0,53.0,62.0,43.0,40.0,0.0,597.0,192.0,0.0,0.0,0.0,0.0
53,147756,Lower Than A Level,4,1.0,1.0,1.0,1.0,0.0,0.0,77.0,72.0,75.0,71.0,0.0,0.0,1718.0,590.0,0.0,0.0,0.0,0.0
54,147793,Lower Than A Level,2,1.0,0.0,0.0,0.0,0.0,0.0,52.0,0.0,0.0,0.0,0.0,0.0,155.0,41.0,0.0,0.0,0.0,0.0
55,148993,A Level or Equivalent,2,1.0,1.0,1.0,0.0,0.0,0.0,68.0,70.0,78.0,0.0,0.0,0.0,3812.0,1272.0,0.0,0.0,0.0,0.0
56,151358,A Level or Equivalent,1,1.0,1.0,1.0,1.0,1.0,0.0,54.0,48.0,45.0,53.0,50.0,0.0,270.0,89.0,0.0,1.0,0.0,0.0
57,155550,A Level or Equivalent,1,1.0,1.0,1.0,1.0,1.0,0.0,75.0,66.0,68.0,61.0,65.0,0.0,1529.0,419.0,0.0,1.0,0.0,0.0
58,155854,A Level or Equivalent,1,1.0,1.0,1.0,1.0,1.0,0.0,82.0,79.0,79.0,81.0,78.0,0.0,4003.0,963.0,0.0,1.0,0.0,0.0
59,155984,Lower Than A Level,2,1.0,1.0,0.0,0.0,0.0,0.0,85.0,75.0,0.0,0.0,0.0,0.0,2645.0,806.0,0.0,0.0,0.0,0.0
60,157568,A Level or Equivalent,1,1.0,1.0,1.0,1.0,1.0,0.0,79.0,81.0,74.0,60.0,59.0,0.0,1405.0,386.0,0.0,1.0,0.0,0.0
61,159954,A Level or Equivalent,2,1.0,1.0,0.0,0.0,0.0,0.0,65.0,68.0,0.0,0.0,0.0,0.0,2062.0,648.0,0.0,0.0,0.0,0.0
62,164259,A Level or Equivalent,1,1.0,1.0,1.0,1.0,1.0,0.0,82.0,58.0,78.0,73.0,68.0,0.0,466.0,239.0,0.0,1.0,0.0,0.0
63,167906,A Level or Equivalent,1,1.0,1.0,1.0,1.0,1.0,0.0,60.0,58.0,82.0,72.0,75.0,0.0,1510.0,515.0,0.0,1.0,0.0,0.0
64,168936,Lower Than A Level,1,1.0,1.0,1.0,1.0,1.0,0.0,76.0,79.0,62.0,54.0,61.0,0.0,745.0,302.0,0.0,1.0,0.0,0.0
65,172112,HE Qualification,1,1.0,1.0,1.0,1.0,1.0,0.0,60.0,67.0,74.0,72.0,75.0,0.0,1939.0,697.0,0.0,1.0,0.0,0.0
66,172797,A Level or Equivalent,1,1.0,1.0,1.0,1.0,1.0,0.0,60.0,54.0,67.0,66.0,60.0,0.0,1782.0,415.0,0.0,1.0,0.0,0.0
67,174782,HE Qualification,1,1.0,1.0,1.0,1.0,1.0,0.0,83.0,79.0,77.0,83.0,80.0,0.0,6318.0,1643.0,1.0,1.0,0.0,0.0
68,175392,HE Qualification,1,1.0,1.0,1.0,1.0,1.0,0.0,85.0,74.0,82.0,93.0,78.0,0.0,4447.0,1311.0,1.0,1.0,0.0,0.0
69,175932,HE Qualification,1,1.0,1.0,1.0,1.0,1.0,0.0,76.0,73.0,78.0,82.0,82.0,0.0,2016.0,437.0,0.0,1.0,0.0,0.0
70,175991,A Level or Equivalent,4,1.0,1.0,1.0,1.0,1.0,0.0,51.0,28.0,42.0,32.0,35.0,0.0,138.0,50.0,0.0,0.0,0.0,0.0
71,180753,A Level or Equivalent,1,1.0,1.0,1.0,1.0,1.0,0.0,61.0,59.0,44.0,59.0,44.0,0.0,2012.0,858.0,0.0,1.0,0.0,0.0
72,181316,A Level or Equivalent,2,1.0,0.0,0.0,0.0,0.0,0.0,76.0,0.0,0.0,0.0,0.0,0.0,487.0,145.0,0.0,0.0,0.0,0.0
73,183096,A Level or Equivalent,1,1.0,1.0,1.0,1.0,1.0,0.0,57.0,53.0,51.0,52.0,57.0,0.0,1975.0,547.0,0.0,1.0,0.0,0.0
74,183947,A Level or Equivalent,1,1.0,1.0,1.0,1.0,1.0,0.0,67.0,33.0,48.0,54.0,43.0,0.0,964.0,368.0,0.0,1.0,0.0,0.0
75,184271,HE Qualification,1,1.0,1.0,1.0,1.0,1.0,0.0,65.0,62.0,65.0,53.0,54.0,0.0,1312.0,477.0,0.0,1.0,0.0,0.0
76,185439,HE Qualification,4,1.0,0.0,0.0,0.0,0.0,0.0,74.0,0.0,0.0,0.0,0.0,0.0,427.0,99.0,0.0,0.0,0.0,0.0
77,186149,HE Qualification,1,1.0,1.0,1.0,1.0,1.0,0.0,85.0,81.0,78.0,55.0,81.0,0.0,2136.0,585.0,0.0,1.0,0.0,0.0
78,187100,A Level or Equivalent,3,1.0,1.0,1.0,1.0,1.0,0.0,88.0,90.0,88.0,90.0,90.0,0.0,8562.0,1922.0,1.0,0.0,0.0,0.0
79,188278,A Level or Equivalent,2,1.0,0.0,0.0,0.0,0.0,0.0,76.0,0.0,0.0,0.0,0.0,0.0,4497.0,1491.0,0.0,0.0,0.0,0.0
80,189879,A Level or Equivalent,1,1.0,1.0,1.0,1.0,1.0,0.0,76.0,85.0,83.0,83.0,70.0,0.0,1541.0,442.0,0.0,1.0,0.0,0.0
81,192183,Lower Than A Level,1,1.0,1.0,1.0,1.0,1.0,0.0,75.0,66.0,68.0,75.0,58.0,0.0,3219.0,804.0,0.0,1.0,0.0,0.0
82,195262,A Level or Equivalent,2,0.0,0.0,1.0,0.0,0.0,0.0,0.0,0.0,50.0,0.0,0.0,0.0,1905.0,352.0,0.0,0.0,0.0,0.0
83,200860,Lower Than A Level,1,1.0,1.0,1.0,1.0,1.0,0.0,69.0,58.0,59.0,53.0,33.0,0.0,534.0,280.0,0.0,1.0,0.0,0.0
84,202635,A Level or Equivalent,2,1.0,1.0,1.0,0.0,0.0,0.0,68.0,70.0,62.0,0.0,0.0,0.0,1418.0,297.0,0.0,0.0,0.0,0.0
85,205350,HE Qualification,1,1.0,1.0,1.0,1.0,1.0,0.0,75.0,59.0,87.0,65.0,75.0,0.0,1665.0,563.0,0.0,1.0,0.0,0.0
86,205719,A Level or Equivalent,4,1.0,1.0,1.0,0.0,0.0,0.0,67.0,63.0,40.0,0.0,0.0,0.0,333.0,117.0,0.0,0.0,0.0,0.0
87,227499,A Level or Equivalent,3,1.0,1.0,1.0,1.0,1.0,0.0,84.0,83.0,84.0,84.0,83.0,0.0,2953.0,807.0,1.0,0.0,0.0,0.0
88,227517,HE Qualification,4,1.0,1.0,1.0,1.0,1.0,0.0,63.0,67.0,66.0,63.0,54.0,0.0,1205.0,387.0,0.0,0.0,0.0,0.0
89,228082,HE Qualification,1,1.0,1.0,1.0,1.0,1.0,0.0,58.0,68.0,77.0,77.0,82.0,0.0,227.0,136.0,0.0,1.0,0.0,0.0
90,228222,Lower Than A Level,1,1.0,1.0,1.0,1.0,1.0,0.0,71.0,45.0,67.0,66.0,60.0,0.0,445.0,166.0,0.0,1.0,0.0,0.0
91,229179,A Level or Equivalent,1,1.0,1.0,1.0,1.0,1.0,0.0,64.0,68.0,70.0,73.0,55.0,0.0,614.0,163.0,0.0,1.0,0.0,0.0
92,229361,A Level or Equivalent,1,1.0,1.0,1.0,1.0,1.0,0.0,81.0,76.0,75.0,82.0,76.0,0.0,1215.0,349.0,0.0,1.0,0.0,0.0
93,231554,A Level or Equivalent,1,1.0,1.0,1.0,0.0,1.0,0.0,80.0,62.0,63.0,0.0,66.0,0.0,1839.0,435.0,0.0,1.0,0.0,0.0
94,235507,A Level or Equivalent,2,1.0,0.0,0.0,0.0,0.0,0.0,65.0,0.0,0.0,0.0,0.0,0.0,1257.0,572.0,0.0,0.0,0.0,0.0
95,236284,Post Graduate Qualification,1,1.0,1.0,1.0,1.0,1.0,0.0,85.0,84.0,83.0,78.0,60.0,0.0,732.0,210.0,0.0,1.0,0.0,0.0
96,238007,HE Qualification,1,1.0,1.0,1.0,1.0,1.0,0.0,83.0,73.0,68.0,86.0,86.0,0.0,1935.0,743.0,0.0,1.0,0.0,0.0
97,240712,HE Qualification,1,1.0,1.0,1.0,1.0,1.0,0.0,82.0,81.0,80.0,70.0,66.0,0.0,321.0,107.0,0.0,1.0,0.0,0.0
98,240884,A Level or Equivalent,1,1.0,1.0,1.0,1.0,1.0,0.0,74.0,54.0,56.0,54.0,54.0,0.0,427.0,191.0,0.0,1.0,0.0,0.0
99,241649,HE Qualification,1,1.0,1.0,1.0,1.0,1.0,0.0,85.0,66.0,80.0,78.0,85.0,0.0,1892.0,573.0,0.0,1.0,0.0,0.0
100,241729,HE Qualification,4,1.0,1.0,1.0,1.0,1.0,0.0,51.0,55.0,62.0,64.0,61.0,0.0,1829.0,627.0,0.0,0.0,0.0,0.0
101,242793,HE Qualification,1,1.0,1.0,1.0,1.0,1.0,0.0,66.0,75.0,77.0,85.0,84.0,0.0,658.0,263.0,0.0,1.0,0.0,0.0
102,246834,A Level or Equivalent,1,1.0,1.0,1.0,1.0,1.0,0.0,60.0,56.0,58.0,52.0,52.0,0.0,1174.0,351.0,0.0,1.0,0.0,0.0
103,248270,Lower Than A Level,1,1.0,1.0,1.0,1.0,1.0,0.0,77.0,79.0,74.0,80.0,82.0,0.0,1969.0,752.0,0.0,1.0,0.0,0.0
104,255548,Lower Than A Level,1,1.0,1.0,1.0,1.0,1.0,0.0,84.0,75.0,84.0,60.0,54.0,0.0,2580.0,815.0,0.0,1.0,0.0,0.0
105,256815,HE Qualification,1,1.0,1.0,1.0,1.0,1.0,0.0,71.0,75.0,79.0,79.0,80.0,0.0,1481.0,518.0,0.0,1.0,0.0,0.0
106,258392,Lower Than A Level,1,1.0,1.0,1.0,1.0,1.0,0.0,58.0,57.0,64.0,54.0,61.0,0.0,844.0,299.0,0.0,1.0,0.0,0.0
107,258894,Lower Than A Level,1,1.0,1.0,1.0,1.0,1.0,0.0,58.0,65.0,75.0,72.0,54.0,0.0,4963.0,1370.0,0.0,1.0,0.0,0.0
108,260355,A Level or Equivalent,2,1.0,1.0,1.0,0.0,0.0,0.0,55.0,60.0,0.0,0.0,0.0,0.0,426.0,134.0,0.0,0.0,0.0,0.0
109,262011,A Level or Equivalent,1,1.0,1.0,1.0,1.0,1.0,0.0,60.0,79.0,70.0,75.0,71.0,0.0,1066.0,345.0,0.0,1.0,0.0,0.0
110,262934,A Level or Equivalent,1,1.0,1.0,1.0,1.0,1.0,0.0,81.0,80.0,75.0,72.0,75.0,0.0,2407.0,717.0,0.0,1.0,0.0,0.0
111,268073,A Level or Equivalent,4,1.0,1.0,1.0,1.0,1.0,0.0,64.0,78.0,83.0,75.0,73.0,0.0,3210.0,716.0,0.0,0.0,0.0,0.0
112,268733,A Level or Equivalent,2,1.0,0.0,1.0,0.0,0.0,0.0,51.0,0.0,35.0,0.0,0.0,0.0,191.0,56.0,0.0,0.0,0.0,0.0
113,271251,A Level or Equivalent,1,1.0,1.0,1.0,1.0,1.0,0.0,80.0,62.0,72.0,83.0,85.0,0.0,3348.0,639.0,0.0,1.0,0.0,0.0
114,277880,A Level or Equivalent,2,1.0,1.0,1.0,0.0,0.0,0.0,70.0,65.0,68.0,0.0,0.0,0.0,2028.0,477.0,0.0,0.0,0.0,0.0
115,279572,Lower Than A Level,3,1.0,1.0,1.0,1.0,1.0,0.0,79.0,82.0,73.0,79.0,83.0,0.0,1183.0,297.0,0.0,0.0,0.0,0.0
116,281022,A Level or Equivalent,1,1.0,1.0,1.0,1.0,1.0,0.0,70.0,72.0,74.0,77.0,74.0,0.0,492.0,183.0,0.0,1.0,0.0,0.0
117,281250,Lower Than A Level,4,1.0,1.0,1.0,1.0,1.0,0.0,63.0,57.0,65.0,40.0,52.0,0.0,130.0,77.0,0.0,0.0,0.0,0.0
118,281589,HE Qualification,4,0.0,0.0,0.0,0.0,0.0,0.0,0.0,0.0,0.0,0.0,0.0,0.0,59.0,28.0,0.0,0.0,0.0,0.0
119,282821,A Level or Equivalent,1,1.0,1.0,1.0,1.0,1.0,0.0,61.0,53.0,72.0,74.0,43.0,0.0,1961.0,478.0,0.0,1.0,0.0,0.0
120,286488,A Level or Equivalent,1,1.0,1.0,1.0,1.0,1.0,0.0,55.0,73.0,77.0,70.0,80.0,0.0,1046.0,284.0,0.0,1.0,0.0,0.0
121,287548,A Level or Equivalent,1,1.0,1.0,1.0,1.0,1.0,0.0,69.0,70.0,60.0,70.0,70.0,0.0,483.0,144.0,0.0,1.0,0.0,0.0
122,290201,A Level or Equivalent,1,1.0,1.0,1.0,1.0,1.0,0.0,78.0,69.0,75.0,58.0,72.0,0.0,1740.0,496.0,0.0,1.0,0.0,0.0
123,290757,A Level or Equivalent,1,1.0,1.0,1.0,1.0,1.0,0.0,75.0,74.0,76.0,80.0,70.0,0.0,652.0,153.0,0.0,1.0,0.0,0.0
124,291334,A Level or Equivalent,3,1.0,1.0,1.0,1.0,1.0,0.0,85.0,84.0,85.0,86.0,78.0,0.0,5231.0,1879.0,1.0,0.0,0.0,0.0
125,292923,A Level or Equivalent,2,0.0,0.0,0.0,0.0,0.0,0.0,0.0,0.0,0.0,0.0,0.0,0.0,0.0,0.0,0.0,0.0,0.0,0.0
126,293699,A Level or Equivalent,1,0.0,1.0,1.0,1.0,1.0,0.0,0.0,55.0,53.0,38.0,41.0,0.0,187.0,114.0,0.0,1.0,0.0,0.0
127,294570,HE Qualification,1,1.0,1.0,1.0,1.0,1.0,0.0,72.0,82.0,78.0,82.0,77.0,0.0,1775.0,438.0,0.0,1.0,0.0,0.0
128,294594,A Level or Equivalent,1,1.0,1.0,1.0,1.0,1.0,0.0,61.0,53.0,54.0,53.0,43.0,0.0,865.0,256.0,0.0,1.0,0.0,0.0
129,295741,A Level or Equivalent,4,1.0,1.0,1.0,1.0,1.0,0.0,38.0,52.0,52.0,54.0,55.0,0.0,3099.0,1010.0,0.0,0.0,0.0,0.0
130,296332,Post Graduate Qualification,3,1.0,1.0,1.0,1.0,1.0,0.0,91.0,95.0,94.0,88.0,66.0,0.0,2152.0,511.0,1.0,0.0,0.0,0.0
131,298696,HE Qualification,1,1.0,1.0,1.0,1.0,1.0,0.0,77.0,70.0,85.0,85.0,87.0,0.0,514.0,201.0,1.0,1.0,0.0,0.0
132,300398,A Level or Equivalent,1,1.0,1.0,1.0,1.0,1.0,0.0,82.0,80.0,79.0,76.0,77.0,0.0,1997.0,580.0,0.0,1.0,0.0,0.0
133,302302,A Level or Equivalent,4,1.0,1.0,1.0,0.0,0.0,0.0,58.0,59.0,59.0,0.0,0.0,0.0,513.0,165.0,0.0,0.0,0.0,0.0
134,305152,A Level or Equivalent,4,1.0,0.0,0.0,0.0,0.0,0.0,64.0,0.0,0.0,0.0,0.0,0.0,146.0,44.0,0.0,0.0,0.0,0.0
135,305386,A Level or Equivalent,1,1.0,1.0,1.0,1.0,1.0,0.0,75.0,76.0,83.0,80.0,76.0,0.0,1277.0,368.0,0.0,1.0,0.0,0.0
136,305539,Lower Than A Level,2,0.0,0.0,0.0,0.0,0.0,0.0,0.0,0.0,0.0,0.0,0.0,0.0,68.0,26.0,0.0,0.0,0.0,0.0
137,306107,A Level or Equivalent,1,1.0,1.0,1.0,1.0,1.0,0.0,73.0,46.0,62.0,70.0,40.0,0.0,987.0,322.0,0.0,1.0,0.0,0.0
138,306466,A Level or Equivalent,1,1.0,1.0,1.0,1.0,1.0,0.0,81.0,78.0,88.0,76.0,87.0,0.0,1220.0,378.0,1.0,1.0,0.0,0.0
139,306897,A Level or Equivalent,1,1.0,1.0,1.0,1.0,1.0,0.0,72.0,73.0,74.0,39.0,55.0,0.0,2742.0,1112.0,0.0,1.0,0.0,0.0
140,307061,HE Qualification,1,1.0,1.0,1.0,1.0,1.0,0.0,82.0,76.0,83.0,82.0,83.0,0.0,1081.0,401.0,1.0,1.0,0.0,0.0
141,307866,A Level or Equivalent,1,1.0,1.0,1.0,1.0,0.0,0.0,47.0,52.0,73.0,68.0,0.0,0.0,1476.0,377.0,0.0,1.0,0.0,0.0
142,311917,A Level or Equivalent,1,1.0,1.0,1.0,1.0,1.0,0.0,55.0,46.0,61.0,67.0,67.0,0.0,2230.0,696.0,0.0,1.0,0.0,0.0
143,312537,Post Graduate Qualification,3,1.0,1.0,1.0,1.0,1.0,0.0,88.0,90.0,88.0,85.0,88.0,0.0,12882.0,1835.0,1.0,0.0,0.0,0.0
144,312782,A Level or Equivalent,1,1.0,1.0,1.0,1.0,1.0,0.0,89.0,54.0,60.0,50.0,56.0,0.0,281.0,106.0,0.0,1.0,0.0,0.0
145,318933,HE Qualification,1,1.0,1.0,1.0,1.0,1.0,0.0,70.0,63.0,62.0,68.0,70.0,0.0,1281.0,460.0,0.0,1.0,0.0,0.0
146,319047,A Level or Equivalent,1,1.0,1.0,1.0,1.0,1.0,0.0,77.0,75.0,81.0,80.0,79.0,0.0,6589.0,1933.0,0.0,1.0,0.0,0.0
147,321942,HE Qualification,1,1.0,1.0,1.0,1.0,1.0,0.0,82.0,80.0,80.0,80.0,80.0,0.0,10083.0,2133.0,1.0,1.0,0.0,0.0
148,324002,HE Qualification,1,1.0,1.0,1.0,1.0,1.0,0.0,85.0,69.0,80.0,85.0,83.0,0.0,1901.0,610.0,1.0,1.0,0.0,0.0
149,324084,A Level or Equivalent,1,1.0,1.0,1.0,1.0,1.0,0.0,58.0,35.0,66.0,72.0,57.0,0.0,1961.0,494.0,0.0,1.0,0.0,0.0
150,324282,A Level or Equivalent,1,1.0,1.0,1.0,1.0,1.0,0.0,38.0,58.0,64.0,74.0,72.0,0.0,133.0,74.0,0.0,1.0,0.0,0.0
151,331358,HE Qualification,2,1.0,0.0,0.0,0.0,0.0,0.0,84.0,0.0,0.0,0.0,0.0,0.0,6588.0,1717.0,1.0,0.0,0.0,0.0
152,332789,A Level or Equivalent,1,1.0,1.0,1.0,1.0,1.0,0.0,69.0,77.0,72.0,78.0,76.0,0.0,1655.0,448.0,0.0,1.0,0.0,0.0
153,333059,A Level or Equivalent,1,1.0,1.0,1.0,1.0,1.0,0.0,72.0,70.0,73.0,74.0,40.0,0.0,301.0,136.0,0.0,1.0,0.0,0.0
154,333323,HE Qualification,1,1.0,1.0,1.0,1.0,1.0,0.0,77.0,78.0,71.0,71.0,75.0,0.0,648.0,178.0,0.0,1.0,0.0,0.0
155,334259,A Level or Equivalent,4,1.0,0.0,1.0,0.0,0.0,0.0,57.0,0.0,49.0,0.0,0.0,0.0,332.0,122.0,0.0,0.0,0.0,0.0
156,334333,A Level or Equivalent,2,1.0,0.0,0.0,0.0,0.0,0.0,36.0,0.0,0.0,0.0,0.0,0.0,303.0,100.0,0.0,0.0,0.0,0.0
157,335764,A Level or Equivalent,2,1.0,1.0,1.0,0.0,0.0,0.0,86.0,87.0,86.0,0.0,0.0,0.0,3928.0,1375.0,1.0,0.0,0.0,0.0
158,336207,A Level or Equivalent,1,1.0,1.0,1.0,1.0,1.0,0.0,71.0,67.0,65.0,75.0,63.0,0.0,1316.0,396.0,0.0,1.0,0.0,0.0
159,339972,A Level or Equivalent,1,1.0,1.0,1.0,1.0,1.0,0.0,68.0,44.0,52.0,37.0,48.0,0.0,333.0,125.0,0.0,1.0,0.0,0.0
160,341872,Lower Than A Level,4,1.0,1.0,1.0,1.0,1.0,0.0,64.0,64.0,63.0,70.0,60.0,0.0,201.0,113.0,0.0,0.0,0.0,0.0
161,342007,HE Qualification,2,1.0,0.0,0.0,0.0,0.0,0.0,75.0,0.0,0.0,0.0,0.0,0.0,3178.0,920.0,0.0,0.0,0.0,0.0
162,342514,Lower Than A Level,1,1.0,1.0,1.0,1.0,1.0,0.0,68.0,74.0,79.0,85.0,80.0,0.0,1950.0,447.0,0.0,1.0,0.0,0.0
163,342972,HE Qualification,1,1.0,1.0,1.0,1.0,1.0,0.0,62.0,57.0,53.0,57.0,73.0,0.0,838.0,323.0,0.0,1.0,0.0,0.0
164,343446,HE Qualification,1,1.0,1.0,1.0,1.0,1.0,0.0,74.0,77.0,78.0,77.0,86.0,0.0,3644.0,1217.0,0.0,1.0,0.0,0.0
165,344282,A Level or Equivalent,4,1.0,1.0,1.0,1.0,1.0,0.0,61.0,53.0,47.0,42.0,43.0,0.0,65.0,53.0,0.0,0.0,0.0,0.0
166,345068,A Level or Equivalent,1,1.0,1.0,1.0,1.0,1.0,0.0,70.0,75.0,80.0,80.0,85.0,0.0,547.0,213.0,0.0,1.0,0.0,0.0
167,345357,A Level or Equivalent,3,1.0,1.0,1.0,1.0,1.0,0.0,75.0,70.0,81.0,85.0,91.0,0.0,2219.0,737.0,1.0,0.0,0.0,0.0
168,346025,A Level or Equivalent,1,1.0,1.0,1.0,1.0,1.0,0.0,85.0,75.0,82.0,85.0,85.0,0.0,569.0,272.0,1.0,1.0,0.0,0.0
169,346843,HE Qualification,4,0.0,0.0,0.0,0.0,0.0,0.0,0.0,0.0,0.0,0.0,0.0,0.0,164.0,40.0,0.0,0.0,0.0,0.0
170,350188,HE Qualification,1,1.0,1.0,1.0,1.0,1.0,0.0,75.0,75.0,76.0,72.0,71.0,0.0,761.0,316.0,0.0,1.0,0.0,0.0
171,354858,HE Qualification,2,0.0,0.0,0.0,0.0,0.0,0.0,0.0,0.0,0.0,0.0,0.0,0.0,198.0,46.0,0.0,0.0,0.0,0.0
172,357668,A Level or Equivalent,4,1.0,1.0,1.0,0.0,0.0,0.0,49.0,63.0,59.0,0.0,0.0,0.0,166.0,88.0,0.0,0.0,0.0,0.0
173,364177,Lower Than A Level,4,1.0,1.0,1.0,1.0,0.0,0.0,64.0,65.0,75.0,72.0,0.0,0.0,821.0,242.0,0.0,0.0,0.0,0.0
174,365244,A Level or Equivalent,1,1.0,1.0,1.0,1.0,1.0,0.0,64.0,53.0,59.0,50.0,56.0,0.0,891.0,403.0,0.0,1.0,0.0,0.0
175,365642,Lower Than A Level,1,1.0,1.0,1.0,1.0,1.0,0.0,68.0,63.0,77.0,70.0,72.0,0.0,2129.0,755.0,0.0,1.0,0.0,0.0
176,366483,HE Qualification,1,1.0,1.0,1.0,1.0,1.0,0.0,88.0,70.0,82.0,54.0,90.0,0.0,1465.0,488.0,0.0,1.0,0.0,0.0
177,368194,A Level or Equivalent,1,1.0,1.0,1.0,1.0,1.0,0.0,54.0,49.0,58.0,50.0,41.0,0.0,437.0,169.0,0.0,1.0,0.0,0.0
178,368824,HE Qualification,4,1.0,1.0,1.0,1.0,1.0,0.0,61.0,68.0,68.0,39.0,42.0,0.0,292.0,124.0,0.0,0.0,0.0,0.0
179,368963,Lower Than A Level,1,1.0,1.0,1.0,1.0,1.0,0.0,58.0,59.0,73.0,74.0,68.0,0.0,677.0,225.0,0.0,1.0,0.0,0.0
180,376439,HE Qualification,3,1.0,1.0,1.0,1.0,1.0,0.0,86.0,77.0,89.0,94.0,89.0,0.0,2342.0,761.0,1.0,0.0,0.0,0.0
181,376581,A Level or Equivalent,1,1.0,1.0,1.0,1.0,1.0,0.0,86.0,60.0,62.0,68.0,88.0,0.0,2333.0,627.0,0.0,1.0,0.0,0.0
182,380953,A Level or Equivalent,1,1.0,1.0,1.0,1.0,1.0,0.0,73.0,58.0,68.0,75.0,65.0,0.0,1062.0,374.0,0.0,1.0,0.0,0.0
183,383254,A Level or Equivalent,1,1.0,1.0,1.0,1.0,1.0,0.0,74.0,69.0,85.0,69.0,81.0,0.0,543.0,272.0,0.0,1.0,0.0,0.0
184,386924,Lower Than A Level,1,1.0,1.0,1.0,1.0,1.0,0.0,59.0,65.0,80.0,65.0,70.0,0.0,164.0,96.0,0.0,1.0,0.0,0.0
185,386952,A Level or Equivalent,1,1.0,1.0,1.0,1.0,1.0,0.0,67.0,63.0,71.0,64.0,75.0,0.0,910.0,357.0,0.0,1.0,0.0,0.0
186,388722,Lower Than A Level,1,1.0,1.0,1.0,1.0,1.0,0.0,65.0,54.0,70.0,66.0,64.0,0.0,671.0,222.0,0.0,1.0,0.0,0.0
187,388885,A Level or Equivalent,1,1.0,1.0,1.0,1.0,1.0,0.0,51.0,75.0,54.0,59.0,64.0,0.0,875.0,245.0,0.0,1.0,0.0,0.0
188,390890,A Level or Equivalent,2,1.0,1.0,1.0,0.0,0.0,0.0,75.0,80.0,54.0,0.0,0.0,0.0,997.0,373.0,0.0,0.0,0.0,0.0
189,392756,A Level or Equivalent,4,1.0,1.0,1.0,1.0,1.0,0.0,53.0,25.0,55.0,54.0,38.0,0.0,363.0,167.0,0.0,0.0,0.0,0.0
190,392931,A Level or Equivalent,1,1.0,1.0,1.0,1.0,1.0,0.0,65.0,63.0,75.0,67.0,72.0,0.0,3003.0,958.0,0.0,1.0,0.0,0.0
191,393207,A Level or Equivalent,1,1.0,1.0,1.0,1.0,1.0,0.0,68.0,74.0,75.0,80.0,74.0,0.0,876.0,237.0,0.0,1.0,0.0,0.0
192,396872,HE Qualification,1,1.0,1.0,1.0,1.0,1.0,0.0,63.0,62.0,68.0,54.0,60.0,0.0,996.0,307.0,0.0,1.0,0.0,0.0
193,398552,Lower Than A Level,4,1.0,1.0,1.0,1.0,1.0,0.0,54.0,49.0,47.0,42.0,40.0,0.0,1183.0,323.0,0.0,0.0,0.0,0.0
194,401869,Lower Than A Level,1,1.0,1.0,1.0,1.0,1.0,0.0,55.0,62.0,65.0,68.0,75.0,0.0,955.0,352.0,0.0,1.0,0.0,0.0
195,402470,Lower Than A Level,1,1.0,1.0,1.0,1.0,1.0,0.0,80.0,74.0,80.0,68.0,61.0,0.0,1445.0,346.0,0.0,1.0,0.0,0.0
196,404804,Lower Than A Level,1,1.0,1.0,1.0,1.0,1.0,0.0,52.0,45.0,52.0,40.0,30.0,0.0,509.0,152.0,0.0,1.0,0.0,0.0
197,405088,A Level or Equivalent,1,1.0,1.0,1.0,1.0,1.0,0.0,85.0,72.0,71.0,72.0,86.0,0.0,1388.0,409.0,0.0,1.0,0.0,0.0
198,405961,A Level or Equivalent,2,0.0,0.0,0.0,0.0,0.0,0.0,0.0,0.0,0.0,0.0,0.0,0.0,0.0,0.0,0.0,0.0,0.0,0.0
199,414117,A Level or Equivalent,1,1.0,1.0,1.0,1.0,1.0,0.0,81.0,72.0,70.0,82.0,77.0,0.0,807.0,322.0,0.0,1.0,0.0,0.0
200,415969,HE Qualification,2,1.0,1.0,1.0,0.0,0.0,0.0,67.0,52.0,60.0,0.0,0.0,0.0,1417.0,336.0,0.0,0.0,0.0,0.0
201,420087,A Level or Equivalent,4,1.0,1.0,1.0,0.0,0.0,0.0,80.0,76.0,72.0,0.0,0.0,0.0,342.0,137.0,0.0,0.0,0.0,0.0
202,429958,A Level or Equivalent,1,1.0,1.0,1.0,1.0,1.0,0.0,59.0,56.0,59.0,60.0,58.0,0.0,411.0,125.0,0.0,1.0,0.0,0.0
203,441018,A Level or Equivalent,1,1.0,1.0,1.0,1.0,1.0,0.0,54.0,60.0,54.0,65.0,66.0,0.0,646.0,245.0,0.0,1.0,0.0,0.0
204,441888,A Level or Equivalent,1,1.0,1.0,1.0,1.0,1.0,0.0,74.0,64.0,70.0,77.0,68.0,0.0,739.0,272.0,0.0,1.0,0.0,0.0
205,442442,HE Qualification,2,1.0,1.0,0.0,0.0,0.0,0.0,39.0,42.0,0.0,0.0,0.0,0.0,1009.0,295.0,0.0,0.0,0.0,0.0
206,444677,HE Qualification,3,1.0,1.0,1.0,1.0,1.0,0.0,91.0,89.0,85.0,89.0,84.0,0.0,1241.0,507.0,1.0,0.0,0.0,0.0
207,470588,HE Qualification,2,1.0,0.0,0.0,0.0,0.0,0.0,86.0,0.0,0.0,0.0,0.0,0.0,842.0,209.0,1.0,0.0,0.0,0.0
208,489455,A Level or Equivalent,1,1.0,1.0,1.0,1.0,1.0,0.0,74.0,68.0,69.0,74.0,68.0,0.0,2832.0,808.0,0.0,1.0,0.0,0.0
209,494424,A Level or Equivalent,4,0.0,0.0,0.0,0.0,0.0,0.0,0.0,0.0,0.0,0.0,0.0,0.0,58.0,21.0,0.0,0.0,0.0,0.0
210,495284,HE Qualification,1,1.0,1.0,1.0,1.0,1.0,0.0,73.0,59.0,68.0,76.0,57.0,0.0,901.0,231.0,0.0,1.0,0.0,0.0
211,498857,HE Qualification,1,1.0,1.0,1.0,1.0,1.0,0.0,77.0,68.0,72.0,75.0,73.0,0.0,998.0,342.0,0.0,1.0,0.0,0.0
212,508818,A Level or Equivalent,1,1.0,1.0,1.0,1.0,1.0,0.0,73.0,78.0,81.0,73.0,54.0,0.0,1129.0,274.0,0.0,1.0,0.0,0.0
213,512460,HE Qualification,1,1.0,1.0,1.0,1.0,1.0,0.0,59.0,78.0,83.0,75.0,67.0,0.0,521.0,235.0,0.0,1.0,0.0,0.0
214,544103,HE Qualification,1,1.0,1.0,1.0,1.0,1.0,0.0,82.0,80.0,80.0,81.0,82.0,0.0,2328.0,714.0,1.0,1.0,0.0,0.0
215,550383,HE Qualification,1,1.0,1.0,1.0,1.0,1.0,0.0,77.0,41.0,76.0,79.0,87.0,0.0,910.0,236.0,0.0,1.0,0.0,0.0
216,564450,HE Qualification,4,1.0,1.0,1.0,1.0,1.0,0.0,64.0,53.0,64.0,63.0,52.0,0.0,224.0,88.0,0.0,0.0,0.0,0.0
217,568601,HE Qualification,2,1.0,1.0,0.0,0.0,0.0,0.0,85.0,78.0,0.0,0.0,0.0,0.0,488.0,84.0,1.0,0.0,0.0,0.0
218,572652,HE Qualification,1,1.0,1.0,1.0,1.0,1.0,0.0,71.0,73.0,78.0,68.0,76.0,0.0,780.0,200.0,0.0,1.0,0.0,0.0
219,580389,HE Qualification,1,1.0,1.0,1.0,1.0,1.0,0.0,75.0,75.0,72.0,68.0,67.0,0.0,1271.0,316.0,0.0,1.0,0.0,0.0
220,581129,A Level or Equivalent,4,0.0,1.0,1.0,0.0,0.0,0.0,0.0,15.0,65.0,0.0,0.0,0.0,194.0,76.0,0.0,0.0,0.0,0.0
221,588775,A Level or Equivalent,1,1.0,1.0,1.0,1.0,1.0,0.0,85.0,81.0,81.0,86.0,81.0,0.0,7067.0,1733.0,1.0,1.0,0.0,0.0
222,591774,Post Graduate Qualification,1,1.0,1.0,1.0,1.0,1.0,0.0,88.0,75.0,80.0,78.0,60.0,0.0,605.0,209.0,0.0,1.0,0.0,0.0
223,603861,HE Qualification,2,1.0,1.0,1.0,1.0,1.0,0.0,61.0,56.0,58.0,69.0,71.0,0.0,1105.0,293.0,0.0,0.0,0.0,0.0
224,606143,Post Graduate Qualification,4,1.0,1.0,0.0,0.0,0.0,0.0,78.0,54.0,0.0,0.0,0.0,0.0,406.0,129.0,0.0,0.0,0.0,0.0
225,704156,HE Qualification,1,1.0,1.0,1.0,1.0,1.0,0.0,67.0,68.0,69.0,56.0,70.0,0.0,3064.0,742.0,0.0,1.0,0.0,0.0
226,705379,A Level or Equivalent,3,1.0,1.0,1.0,1.0,1.0,0.0,81.0,83.0,82.0,78.0,80.0,0.0,5680.0,1441.0,1.0,0.0,0.0,0.0
227,721259,Lower Than A Level,2,1.0,0.0,0.0,0.0,0.0,0.0,0.0,0.0,0.0,0.0,0.0,0.0,4108.0,881.0,0.0,0.0,0.0,0.0
228,749412,Lower Than A Level,1,1.0,1.0,1.0,1.0,1.0,0.0,83.0,61.0,73.0,78.0,65.0,0.0,4007.0,1177.0,0.0,1.0,0.0,0.0
229,760729,A Level or Equivalent,3,1.0,1.0,1.0,1.0,1.0,0.0,80.0,80.0,81.0,82.0,83.0,0.0,7288.0,1829.0,1.0,0.0,0.0,0.0
230,905042,A Level or Equivalent,1,1.0,1.0,1.0,1.0,1.0,0.0,64.0,73.0,85.0,80.0,80.0,0.0,3004.0,875.0,0.0,1.0,0.0,0.0
231,949618,A Level or Equivalent,1,1.0,1.0,1.0,1.0,1.0,0.0,63.0,63.0,63.0,72.0,48.0,0.0,1357.0,559.0,0.0,1.0,0.0,0.0
232,958987,HE Qualification,1,1.0,1.0,1.0,1.0,1.0,0.0,78.0,78.0,75.0,77.0,78.0,0.0,1216.0,391.0,0.0,1.0,0.0,0.0
233,968578,A Level or Equivalent,1,1.0,1.0,1.0,1.0,1.0,0.0,62.0,77.0,73.0,72.0,76.0,0.0,870.0,268.0,0.0,1.0,0.0,0.0
234,969076,A Level or Equivalent,2,1.0,1.0,1.0,1.0,0.0,0.0,82.0,62.0,59.0,36.0,0.0,0.0,1980.0,746.0,0.0,0.0,0.0,0.0
235,971027,HE Qualification,1,1.0,1.0,1.0,1.0,1.0,0.0,76.0,68.0,73.0,55.0,68.0,0.0,3098.0,760.0,0.0,1.0,0.0,0.0
236,978739,HE Qualification,1,1.0,1.0,1.0,1.0,1.0,0.0,59.0,58.0,50.0,58.0,58.0,0.0,5988.0,1143.0,0.0,1.0,0.0,0.0
237,1035023,Lower Than A Level,1,1.0,1.0,1.0,1.0,1.0,0.0,73.0,65.0,72.0,68.0,72.0,0.0,1896.0,572.0,0.0,1.0,0.0,0.0
238,1105478,HE Qualification,1,1.0,1.0,1.0,1.0,1.0,0.0,90.0,85.0,80.0,82.0,76.0,0.0,1695.0,512.0,1.0,1.0,0.0,0.0
239,1352868,A Level or Equivalent,2,1.0,1.0,0.0,0.0,0.0,0.0,66.0,65.0,0.0,0.0,0.0,0.0,1732.0,557.0,0.0,0.0,0.0,0.0
240,1401935,A Level or Equivalent,4,1.0,1.0,0.0,0.0,0.0,0.0,45.0,25.0,0.0,0.0,0.0,0.0,240.0,85.0,0.0,0.0,0.0,0.0
241,1402638,HE Qualification,1,1.0,1.0,1.0,1.0,1.0,0.0,77.0,68.0,76.0,80.0,75.0,0.0,910.0,310.0,0.0,1.0,0.0,0.0
242,1414443,A Level or Equivalent,4,1.0,1.0,0.0,0.0,0.0,0.0,58.0,60.0,0.0,0.0,0.0,0.0,1907.0,397.0,0.0,0.0,0.0,0.0
243,1456619,A Level or Equivalent,2,0.0,0.0,0.0,0.0,0.0,0.0,0.0,0.0,0.0,0.0,0.0,0.0,1173.0,327.0,0.0,0.0,0.0,0.0
244,1465690,HE Qualification,1,1.0,1.0,1.0,1.0,1.0,0.0,85.0,76.0,85.0,87.0,76.0,0.0,3460.0,994.0,1.0,1.0,0.0,0.0
245,1472925,Lower Than A Level,4,1.0,1.0,1.0,1.0,1.0,0.0,61.0,54.0,64.0,62.0,67.0,0.0,1462.0,371.0,0.0,0.0,0.0,0.0
246,1488959,A Level or Equivalent,1,1.0,1.0,1.0,1.0,1.0,0.0,67.0,64.0,63.0,64.0,51.0,0.0,3493.0,721.0,0.0,1.0,0.0,0.0
247,1518989,Lower Than A Level,1,1.0,1.0,1.0,1.0,1.0,0.0,78.0,77.0,70.0,70.0,70.0,0.0,4202.0,1183.0,0.0,1.0,0.0,0.0
248,1618738,Lower Than A Level,1,1.0,1.0,1.0,1.0,1.0,0.0,84.0,83.0,81.0,83.0,67.0,0.0,723.0,147.0,0.0,1.0,0.0,0.0
249,1620151,HE Qualification,4,1.0,0.0,1.0,0.0,0.0,0.0,85.0,0.0,70.0,0.0,0.0,0.0,998.0,218.0,0.0,0.0,0.0,0.0
250,1626710,A Level or Equivalent,3,1.0,1.0,1.0,1.0,1.0,0.0,82.0,85.0,86.0,85.0,85.0,0.0,6025.0,1681.0,1.0,0.0,0.0,0.0
251,1640609,A Level or Equivalent,1,1.0,1.0,1.0,1.0,1.0,0.0,83.0,86.0,85.0,85.0,86.0,0.0,5061.0,1433.0,1.0,1.0,0.0,0.0
252,1686521,Lower Than A Level,2,1.0,0.0,0.0,0.0,0.0,0.0,68.0,0.0,0.0,0.0,0.0,0.0,643.0,201.0,0.0,0.0,0.0,0.0
253,1729319,HE Qualification,1,1.0,1.0,1.0,1.0,1.0,0.0,80.0,78.0,78.0,82.0,73.0,0.0,2756.0,765.0,0.0,1.0,0.0,0.0
254,1746134,A Level or Equivalent,1,1.0,1.0,1.0,1.0,1.0,0.0,83.0,87.0,81.0,83.0,85.0,0.0,1759.0,534.0,1.0,1.0,0.0,0.0
255,1758449,Lower Than A Level,2,1.0,1.0,0.0,0.0,0.0,0.0,65.0,57.0,0.0,0.0,0.0,0.0,2756.0,650.0,0.0,0.0,0.0,0.0
256,1763015,A Level or Equivalent,2,0.0,0.0,0.0,0.0,0.0,0.0,0.0,0.0,0.0,0.0,0.0,0.0,420.0,30.0,0.0,0.0,0.0,0.0
257,1765788,HE Qualification,1,1.0,1.0,1.0,1.0,1.0,0.0,57.0,63.0,67.0,74.0,70.0,0.0,7057.0,1712.0,0.0,1.0,0.0,0.0
258,1801229,HE Qualification,1,1.0,1.0,1.0,1.0,1.0,0.0,79.0,76.0,73.0,78.0,78.0,0.0,1443.0,371.0,0.0,1.0,0.0,0.0
259,1801641,A Level or Equivalent,1,1.0,1.0,1.0,1.0,1.0,0.0,72.0,74.0,80.0,85.0,76.0,0.0,459.0,134.0,0.0,1.0,0.0,0.0
260,1847830,Lower Than A Level,1,1.0,1.0,1.0,1.0,1.0,0.0,83.0,60.0,75.0,73.0,64.0,0.0,6518.0,1623.0,0.0,1.0,0.0,0.0
261,1860318,Lower Than A Level,1,1.0,1.0,1.0,1.0,1.0,0.0,57.0,72.0,62.0,63.0,59.0,0.0,5975.0,1328.0,0.0,1.0,0.0,0.0
262,1889511,A Level or Equivalent,1,1.0,1.0,1.0,1.0,1.0,0.0,72.0,69.0,77.0,78.0,64.0,0.0,1754.0,575.0,0.0,1.0,0.0,0.0
263,1889577,A Level or Equivalent,1,1.0,1.0,1.0,1.0,1.0,0.0,72.0,69.0,84.0,75.0,68.0,0.0,931.0,307.0,0.0,1.0,0.0,0.0
264,1894188,A Level or Equivalent,1,1.0,1.0,1.0,1.0,1.0,0.0,76.0,67.0,70.0,70.0,69.0,0.0,4294.0,490.0,0.0,1.0,0.0,0.0
265,1938355,A Level or Equivalent,1,1.0,1.0,1.0,1.0,1.0,0.0,82.0,50.0,85.0,84.0,64.0,0.0,1992.0,607.0,0.0,1.0,0.0,0.0
266,1942396,Lower Than A Level,1,1.0,1.0,1.0,1.0,1.0,0.0,50.0,50.0,40.0,65.0,63.0,0.0,470.0,164.0,0.0,1.0,0.0,0.0
267,1970390,Lower Than A Level,2,1.0,1.0,1.0,1.0,1.0,0.0,78.0,90.0,90.0,80.0,80.0,0.0,14759.0,2974.0,1.0,0.0,0.0,0.0
268,1976139,Lower Than A Level,1,1.0,1.0,1.0,0.0,1.0,0.0,75.0,76.0,78.0,0.0,40.0,0.0,1216.0,354.0,0.0,1.0,0.0,0.0
269,2011876,A Level or Equivalent,1,1.0,1.0,1.0,1.0,1.0,0.0,79.0,71.0,78.0,77.0,75.0,0.0,1401.0,419.0,0.0,1.0,0.0,0.0
270,2012966,Lower Than A Level,1,1.0,1.0,1.0,1.0,1.0,0.0,75.0,76.0,78.0,81.0,82.0,0.0,519.0,148.0,0.0,1.0,0.0,0.0
271,2051699,Lower Than A Level,1,1.0,1.0,1.0,1.0,1.0,0.0,62.0,71.0,64.0,67.0,69.0,0.0,1734.0,441.0,0.0,1.0,0.0,0.0
272,2062879,A Level or Equivalent,4,1.0,1.0,1.0,1.0,1.0,0.0,56.0,55.0,65.0,65.0,65.0,0.0,2386.0,738.0,0.0,0.0,0.0,0.0
273,2065691,A Level or Equivalent,2,1.0,1.0,1.0,0.0,0.0,0.0,30.0,40.0,37.0,0.0,0.0,0.0,1430.0,248.0,0.0,0.0,0.0,0.0
274,2073016,Lower Than A Level,2,1.0,1.0,1.0,0.0,0.0,0.0,60.0,53.0,68.0,0.0,0.0,0.0,1022.0,404.0,0.0,0.0,0.0,0.0
275,2080474,A Level or Equivalent,1,1.0,1.0,1.0,1.0,1.0,0.0,88.0,64.0,72.0,60.0,64.0,0.0,1146.0,361.0,0.0,1.0,0.0,0.0
276,2083877,A Level or Equivalent,1,1.0,1.0,1.0,1.0,1.0,0.0,72.0,64.0,68.0,60.0,75.0,0.0,685.0,258.0,0.0,1.0,0.0,0.0
277,2084066,Lower Than A Level,4,1.0,1.0,1.0,1.0,0.0,0.0,65.0,60.0,62.0,52.0,0.0,0.0,1967.0,465.0,0.0,0.0,0.0,0.0
278,2104505,Lower Than A Level,1,1.0,1.0,1.0,1.0,1.0,0.0,80.0,69.0,49.0,65.0,65.0,0.0,701.0,197.0,0.0,1.0,0.0,0.0
279,2122180,Lower Than A Level,3,1.0,1.0,1.0,1.0,1.0,0.0,86.0,80.0,82.0,79.0,85.0,0.0,4712.0,977.0,1.0,0.0,0.0,0.0
280,2139353,A Level or Equivalent,2,1.0,1.0,1.0,0.0,0.0,0.0,65.0,62.0,71.0,0.0,0.0,0.0,2388.0,801.0,0.0,0.0,0.0,0.0
281,2143752,Lower Than A Level,1,1.0,1.0,1.0,1.0,1.0,0.0,50.0,56.0,52.0,52.0,53.0,0.0,1888.0,352.0,0.0,1.0,0.0,0.0
282,2146792,HE Qualification,1,1.0,1.0,1.0,1.0,1.0,0.0,68.0,60.0,78.0,76.0,68.0,0.0,2385.0,720.0,0.0,1.0,0.0,0.0
283,2149225,A Level or Equivalent,2,0.0,0.0,0.0,0.0,0.0,0.0,0.0,0.0,0.0,0.0,0.0,0.0,319.0,88.0,0.0,0.0,0.0,0.0
284,2153153,A Level or Equivalent,1,1.0,1.0,1.0,1.0,1.0,0.0,61.0,67.0,71.0,55.0,57.0,0.0,3385.0,821.0,0.0,1.0,0.0,0.0
285,2155014,Lower Than A Level,1,1.0,1.0,1.0,1.0,1.0,0.0,76.0,64.0,73.0,79.0,77.0,0.0,1454.0,306.0,0.0,1.0,0.0,0.0
286,2164705,A Level or Equivalent,4,1.0,0.0,0.0,0.0,0.0,0.0,70.0,0.0,0.0,0.0,0.0,0.0,231.0,76.0,0.0,0.0,0.0,0.0
287,2171627,A Level or Equivalent,1,1.0,1.0,1.0,1.0,1.0,0.0,71.0,67.0,72.0,70.0,65.0,0.0,1346.0,398.0,0.0,1.0,0.0,0.0
288,2182846,A Level or Equivalent,1,1.0,1.0,1.0,1.0,1.0,0.0,65.0,63.0,64.0,70.0,68.0,0.0,4214.0,1383.0,0.0,1.0,0.0,0.0
289,2194100,A Level or Equivalent,1,1.0,1.0,1.0,1.0,1.0,0.0,64.0,61.0,66.0,80.0,65.0,0.0,1401.0,434.0,0.0,1.0,0.0,0.0
290,2197016,HE Qualification,1,1.0,1.0,1.0,1.0,1.0,0.0,75.0,75.0,76.0,76.0,76.0,0.0,1455.0,415.0,0.0,1.0,0.0,0.0
291,2208424,A Level or Equivalent,1,1.0,1.0,1.0,1.0,1.0,0.0,73.0,57.0,81.0,85.0,60.0,0.0,1080.0,374.0,0.0,1.0,0.0,0.0
292,2229865,A Level or Equivalent,1,1.0,1.0,1.0,1.0,1.0,0.0,73.0,76.0,75.0,78.0,80.0,0.0,3236.0,911.0,0.0,1.0,0.0,0.0
293,2255601,A Level or Equivalent,2,1.0,1.0,0.0,0.0,0.0,0.0,71.0,38.0,0.0,0.0,0.0,0.0,2543.0,618.0,0.0,0.0,0.0,0.0
294,2268379,A Level or Equivalent,1,1.0,1.0,1.0,1.0,1.0,0.0,80.0,79.0,83.0,87.0,86.0,0.0,1685.0,624.0,1.0,1.0,0.0,0.0
295,2278464,Lower Than A Level,1,1.0,1.0,1.0,1.0,1.0,0.0,60.0,50.0,58.0,54.0,35.0,0.0,307.0,111.0,0.0,1.0,0.0,0.0
296,2293923,A Level or Equivalent,1,1.0,1.0,1.0,1.0,1.0,0.0,72.0,59.0,52.0,58.0,65.0,0.0,303.0,110.0,0.0,1.0,0.0,0.0
297,2312620,HE Qualification,2,1.0,1.0,1.0,0.0,0.0,0.0,11.0,51.0,34.0,0.0,0.0,0.0,1129.0,315.0,0.0,0.0,0.0,0.0
298,2318055,A Level or Equivalent,2,0.0,0.0,0.0,0.0,0.0,0.0,0.0,0.0,0.0,0.0,0.0,0.0,1726.0,501.0,0.0,0.0,0.0,0.0
299,2324976,HE Qualification,2,0.0,0.0,0.0,0.0,0.0,0.0,0.0,0.0,0.0,0.0,0.0,0.0,0.0,0.0,0.0,0.0,0.0,0.0
300,2329342,Lower Than A Level,1,1.0,1.0,1.0,1.0,1.0,0.0,56.0,54.0,60.0,44.0,72.0,0.0,565.0,194.0,0.0,1.0,0.0,0.0
301,2339528,Lower Than A Level,3,1.0,1.0,1.0,1.0,1.0,0.0,76.0,74.0,84.0,85.0,81.0,0.0,593.0,155.0,0.0,0.0,0.0,0.0
302,2342426,Lower Than A Level,4,1.0,1.0,1.0,1.0,1.0,0.0,70.0,67.0,71.0,78.0,80.0,0.0,1814.0,518.0,0.0,0.0,0.0,0.0
303,2344901,A Level or Equivalent,4,1.0,1.0,1.0,1.0,0.0,0.0,67.0,45.0,35.0,59.0,0.0,0.0,445.0,144.0,0.0,0.0,0.0,0.0
304,2358056,HE Qualification,4,1.0,1.0,1.0,1.0,1.0,0.0,56.0,60.0,79.0,68.0,76.0,0.0,1588.0,544.0,0.0,0.0,0.0,0.0
305,2358969,A Level or Equivalent,2,1.0,0.0,0.0,0.0,0.0,0.0,68.0,0.0,0.0,0.0,0.0,0.0,2106.0,625.0,0.0,0.0,0.0,0.0
306,2364471,HE Qualification,1,1.0,1.0,1.0,1.0,1.0,0.0,90.0,85.0,85.0,85.0,72.0,0.0,7182.0,2230.0,1.0,1.0,0.0,0.0
307,2365101,HE Qualification,2,0.0,0.0,0.0,0.0,0.0,0.0,0.0,0.0,0.0,0.0,0.0,0.0,0.0,0.0,0.0,0.0,0.0,0.0
308,2367155,A Level or Equivalent,1,1.0,1.0,1.0,1.0,1.0,0.0,63.0,85.0,80.0,86.0,64.0,0.0,2148.0,510.0,0.0,1.0,0.0,0.0
309,2369266,Lower Than A Level,1,1.0,1.0,1.0,1.0,1.0,0.0,50.0,50.0,40.0,57.0,56.0,0.0,2146.0,480.0,0.0,1.0,0.0,0.0
310,2376496,A Level or Equivalent,1,1.0,1.0,1.0,1.0,1.0,0.0,64.0,72.0,70.0,76.0,85.0,0.0,749.0,302.0,0.0,1.0,0.0,0.0
311,2391984,A Level or Equivalent,2,1.0,1.0,1.0,1.0,0.0,0.0,75.0,74.0,75.0,68.0,0.0,0.0,818.0,188.0,0.0,0.0,0.0,0.0
312,2411661,A Level or Equivalent,4,1.0,1.0,1.0,1.0,1.0,0.0,55.0,57.0,40.0,42.0,40.0,0.0,574.0,125.0,0.0,0.0,0.0,0.0
313,2411778,HE Qualification,2,1.0,1.0,0.0,0.0,0.0,0.0,77.0,83.0,0.0,0.0,0.0,0.0,1497.0,239.0,0.0,0.0,0.0,0.0
314,2412002,Lower Than A Level,3,1.0,1.0,1.0,1.0,1.0,0.0,86.0,72.0,81.0,86.0,89.0,0.0,3344.0,976.0,1.0,0.0,0.0,0.0
315,2412967,A Level or Equivalent,1,1.0,1.0,1.0,1.0,1.0,0.0,80.0,77.0,80.0,72.0,79.0,0.0,2458.0,698.0,0.0,1.0,0.0,0.0
316,2429854,A Level or Equivalent,2,1.0,0.0,0.0,0.0,0.0,0.0,51.0,0.0,0.0,0.0,0.0,0.0,953.0,251.0,0.0,0.0,0.0,0.0
317,2437837,A Level or Equivalent,1,1.0,1.0,1.0,1.0,1.0,0.0,67.0,77.0,69.0,87.0,72.0,0.0,2684.0,676.0,0.0,1.0,0.0,0.0
318,2449878,A Level or Equivalent,1,1.0,1.0,1.0,1.0,1.0,0.0,66.0,60.0,57.0,55.0,65.0,0.0,622.0,261.0,0.0,1.0,0.0,0.0
319,2456480,Lower Than A Level,4,1.0,1.0,1.0,0.0,0.0,0.0,40.0,34.0,0.0,0.0,0.0,0.0,183.0,73.0,0.0,0.0,0.0,0.0
320,2457256,Lower Than A Level,1,1.0,1.0,1.0,1.0,1.0,0.0,60.0,60.0,85.0,80.0,65.0,0.0,1611.0,425.0,0.0,1.0,0.0,0.0
321,2458355,Lower Than A Level,1,1.0,1.0,1.0,1.0,1.0,0.0,88.0,86.0,95.0,92.0,92.0,0.0,4187.0,1148.0,1.0,1.0,0.0,0.0
322,2460080,HE Qualification,1,1.0,1.0,1.0,1.0,1.0,0.0,85.0,86.0,77.0,78.0,68.0,0.0,3424.0,696.0,0.0,1.0,0.0,0.0
323,2461190,HE Qualification,4,1.0,1.0,0.0,0.0,0.0,0.0,62.0,50.0,0.0,0.0,0.0,0.0,967.0,238.0,0.0,0.0,0.0,0.0
324,2469673,Lower Than A Level,4,0.0,1.0,1.0,1.0,1.0,0.0,0.0,51.0,52.0,30.0,45.0,0.0,523.0,165.0,0.0,0.0,0.0,0.0
325,2470694,HE Qualification,2,0.0,1.0,0.0,0.0,0.0,0.0,0.0,67.0,0.0,0.0,0.0,0.0,3115.0,1051.0,0.0,0.0,0.0,0.0
326,2479954,A Level or Equivalent,1,1.0,1.0,1.0,1.0,1.0,0.0,77.0,83.0,82.0,78.0,78.0,0.0,323.0,129.0,0.0,1.0,0.0,0.0
327,2481901,Lower Than A Level,1,1.0,1.0,1.0,1.0,1.0,0.0,82.0,72.0,83.0,70.0,72.0,0.0,1949.0,498.0,0.0,1.0,0.0,0.0
328,2482700,Lower Than A Level,1,1.0,1.0,1.0,1.0,1.0,0.0,63.0,50.0,52.0,48.0,65.0,0.0,1616.0,413.0,0.0,1.0,0.0,0.0
329,2486127,HE Qualification,1,1.0,1.0,1.0,1.0,1.0,0.0,70.0,67.0,76.0,77.0,78.0,0.0,1690.0,576.0,0.0,1.0,0.0,0.0
330,2498700,Lower Than A Level,1,1.0,1.0,1.0,1.0,1.0,0.0,74.0,76.0,77.0,78.0,81.0,0.0,2864.0,852.0,0.0,1.0,0.0,0.0
331,2516503,HE Qualification,1,1.0,1.0,1.0,1.0,1.0,0.0,82.0,75.0,82.0,78.0,80.0,0.0,3070.0,1063.0,0.0,1.0,0.0,0.0
332,2518069,A Level or Equivalent,1,1.0,1.0,1.0,1.0,1.0,0.0,74.0,75.0,80.0,79.0,75.0,0.0,1617.0,447.0,0.0,1.0,0.0,0.0
333,2521459,Lower Than A Level,1,1.0,1.0,1.0,1.0,1.0,0.0,63.0,50.0,54.0,67.0,70.0,0.0,1078.0,363.0,0.0,1.0,0.0,0.0
334,2523736,A Level or Equivalent,1,1.0,1.0,1.0,1.0,0.0,0.0,58.0,64.0,62.0,63.0,0.0,0.0,470.0,228.0,0.0,1.0,0.0,0.0
335,2529279,HE Qualification,1,1.0,1.0,1.0,1.0,1.0,0.0,71.0,80.0,75.0,85.0,79.0,0.0,1189.0,336.0,0.0,1.0,0.0,0.0
336,2532302,A Level or Equivalent,1,1.0,1.0,1.0,1.0,1.0,0.0,69.0,72.0,64.0,71.0,40.0,0.0,1216.0,358.0,0.0,1.0,0.0,0.0
337,2536991,HE Qualification,3,1.0,1.0,1.0,1.0,1.0,0.0,72.0,72.0,80.0,82.0,98.0,0.0,1080.0,392.0,1.0,0.0,0.0,0.0
338,2542724,Lower Than A Level,2,0.0,0.0,0.0,0.0,0.0,0.0,0.0,0.0,0.0,0.0,0.0,0.0,228.0,61.0,0.0,0.0,0.0,0.0
339,2550279,HE Qualification,1,1.0,1.0,1.0,1.0,1.0,0.0,62.0,59.0,62.0,66.0,64.0,0.0,2809.0,663.0,0.0,1.0,0.0,0.0
340,2551220,Lower Than A Level,1,1.0,1.0,1.0,1.0,1.0,0.0,77.0,54.0,67.0,63.0,63.0,0.0,1327.0,503.0,0.0,1.0,0.0,0.0
341,2552472,HE Qualification,2,1.0,1.0,0.0,0.0,0.0,0.0,62.0,45.0,0.0,0.0,0.0,0.0,519.0,93.0,0.0,0.0,0.0,0.0
342,2555340,HE Qualification,1,1.0,1.0,1.0,1.0,1.0,0.0,94.0,75.0,70.0,84.0,80.0,0.0,4441.0,1038.0,1.0,1.0,0.0,0.0
343,2557283,HE Qualification,1,1.0,1.0,1.0,1.0,1.0,0.0,75.0,72.0,88.0,92.0,79.0,0.0,7262.0,1808.0,1.0,1.0,0.0,0.0
344,2559575,Lower Than A Level,1,1.0,1.0,1.0,1.0,1.0,0.0,54.0,64.0,85.0,80.0,73.0,0.0,650.0,218.0,0.0,1.0,0.0,0.0
345,2562034,A Level or Equivalent,1,1.0,1.0,1.0,1.0,1.0,0.0,70.0,62.0,60.0,65.0,70.0,0.0,248.0,67.0,0.0,1.0,0.0,0.0
346,2566163,A Level or Equivalent,1,1.0,1.0,1.0,1.0,1.0,0.0,87.0,55.0,65.0,74.0,78.0,0.0,1591.0,416.0,0.0,1.0,0.0,0.0
347,2566592,A Level or Equivalent,1,1.0,1.0,1.0,1.0,1.0,0.0,86.0,57.0,60.0,70.0,86.0,0.0,1359.0,387.0,0.0,1.0,0.0,0.0
348,2569324,A Level or Equivalent,2,0.0,0.0,0.0,0.0,0.0,0.0,0.0,0.0,0.0,0.0,0.0,0.0,493.0,201.0,0.0,0.0,0.0,0.0
349,2574528,HE Qualification,1,1.0,1.0,1.0,1.0,1.0,0.0,63.0,72.0,78.0,82.0,82.0,0.0,988.0,396.0,0.0,1.0,0.0,0.0
350,2574583,Lower Than A Level,1,1.0,1.0,1.0,1.0,1.0,0.0,66.0,71.0,75.0,65.0,77.0,0.0,1890.0,428.0,0.0,1.0,0.0,0.0
351,2576122,A Level or Equivalent,2,1.0,0.0,0.0,0.0,0.0,0.0,64.0,0.0,0.0,0.0,0.0,0.0,261.0,90.0,0.0,0.0,0.0,0.0
352,2578995,A Level or Equivalent,1,1.0,1.0,1.0,1.0,1.0,0.0,75.0,84.0,81.0,78.0,80.0,0.0,1326.0,477.0,0.0,1.0,0.0,0.0
353,2586560,Lower Than A Level,1,1.0,1.0,1.0,1.0,1.0,0.0,75.0,65.0,84.0,77.0,67.0,0.0,2905.0,729.0,0.0,1.0,0.0,0.0
354,2594139,A Level or Equivalent,1,1.0,1.0,1.0,1.0,1.0,0.0,87.0,73.0,79.0,79.0,62.0,0.0,1868.0,302.0,0.0,1.0,0.0,0.0
355,2598871,A Level or Equivalent,1,1.0,1.0,1.0,1.0,1.0,0.0,66.0,66.0,78.0,73.0,80.0,0.0,2049.0,549.0,0.0,1.0,0.0,0.0
356,2599352,A Level or Equivalent,1,1.0,1.0,1.0,1.0,1.0,0.0,80.0,75.0,77.0,77.0,73.0,0.0,1160.0,328.0,0.0,1.0,0.0,0.0
357,2600688,A Level or Equivalent,1,1.0,1.0,1.0,1.0,1.0,0.0,64.0,72.0,72.0,77.0,65.0,0.0,582.0,146.0,0.0,1.0,0.0,0.0
358,2606098,A Level or Equivalent,1,1.0,1.0,1.0,1.0,1.0,0.0,70.0,70.0,71.0,68.0,78.0,0.0,491.0,198.0,0.0,1.0,0.0,0.0
359,2613116,Lower Than A Level,1,1.0,1.0,1.0,1.0,1.0,0.0,68.0,70.0,85.0,84.0,84.0,0.0,1181.0,264.0,0.0,1.0,0.0,0.0
360,2617002,A Level or Equivalent,1,1.0,1.0,1.0,1.0,1.0,0.0,67.0,53.0,67.0,66.0,71.0,0.0,1473.0,423.0,0.0,1.0,0.0,0.0
361,2620584,A Level or Equivalent,4,0.0,0.0,0.0,0.0,0.0,0.0,0.0,0.0,0.0,0.0,0.0,0.0,92.0,29.0,0.0,0.0,0.0,0.0
362,2639449,A Level or Equivalent,1,1.0,1.0,1.0,0.0,1.0,0.0,67.0,68.0,49.0,0.0,40.0,0.0,797.0,303.0,0.0,1.0,0.0,0.0
363,2639540,A Level or Equivalent,1,1.0,1.0,1.0,1.0,1.0,0.0,76.0,78.0,80.0,82.0,81.0,0.0,1964.0,789.0,0.0,1.0,0.0,0.0
364,2639641,Lower Than A Level,1,1.0,1.0,1.0,1.0,1.0,0.0,66.0,59.0,58.0,70.0,75.0,0.0,2042.0,628.0,0.0,1.0,0.0,0.0
365,2641155,Lower Than A Level,1,1.0,1.0,1.0,1.0,1.0,0.0,78.0,81.0,79.0,80.0,78.0,0.0,4109.0,1329.0,0.0,1.0,0.0,0.0
366,2643002,A Level or Equivalent,1,1.0,1.0,1.0,1.0,1.0,0.0,49.0,64.0,59.0,59.0,25.0,0.0,2434.0,784.0,0.0,1.0,0.0,0.0
367,2645733,A Level or Equivalent,1,1.0,1.0,1.0,1.0,1.0,0.0,87.0,81.0,83.0,89.0,73.0,0.0,1596.0,543.0,1.0,1.0,0.0,0.0
368,2649826,Lower Than A Level,3,1.0,1.0,1.0,1.0,1.0,0.0,75.0,82.0,85.0,87.0,88.0,0.0,5974.0,1562.0,1.0,0.0,0.0,0.0
369,2650282,A Level or Equivalent,1,1.0,1.0,1.0,1.0,1.0,0.0,83.0,84.0,85.0,85.0,84.0,0.0,641.0,260.0,1.0,1.0,0.0,0.0
370,2664024,HE Qualification,1,1.0,1.0,1.0,1.0,1.0,0.0,48.0,58.0,64.0,68.0,78.0,0.0,808.0,288.0,0.0,1.0,0.0,0.0
371,2666246,A Level or Equivalent,1,1.0,1.0,1.0,1.0,1.0,0.0,76.0,76.0,74.0,76.0,78.0,0.0,612.0,231.0,0.0,1.0,0.0,0.0
372,2669816,A Level or Equivalent,4,1.0,1.0,1.0,1.0,1.0,0.0,67.0,68.0,66.0,50.0,35.0,0.0,280.0,137.0,0.0,0.0,0.0,0.0
373,2671132,HE Qualification,1,1.0,1.0,1.0,1.0,1.0,0.0,59.0,69.0,78.0,69.0,69.0,0.0,3720.0,683.0,0.0,1.0,0.0,0.0
374,2676809,HE Qualification,4,1.0,1.0,1.0,0.0,0.0,0.0,46.0,36.0,48.0,0.0,0.0,0.0,309.0,134.0,0.0,0.0,0.0,0.0
375,2678643,A Level or Equivalent,1,1.0,1.0,1.0,1.0,1.0,0.0,83.0,80.0,66.0,62.0,66.0,0.0,2287.0,582.0,0.0,1.0,0.0,0.0
376,2685865,Lower Than A Level,1,1.0,1.0,1.0,1.0,1.0,0.0,74.0,77.0,83.0,82.0,77.0,0.0,2815.0,878.0,0.0,1.0,0.0,0.0
377,2688067,A Level or Equivalent,1,1.0,1.0,1.0,1.0,1.0,0.0,70.0,62.0,63.0,68.0,76.0,0.0,289.0,75.0,0.0,1.0,0.0,0.0
378,2689958,A Level or Equivalent,3,1.0,1.0,1.0,1.0,1.0,0.0,86.0,78.0,80.0,82.0,82.0,0.0,3929.0,1744.0,1.0,0.0,0.0,0.0
379,2691206,A Level or Equivalent,3,1.0,1.0,1.0,1.0,1.0,0.0,86.0,85.0,78.0,90.0,85.0,0.0,2297.0,825.0,1.0,0.0,0.0,0.0
380,2691244,A Level or Equivalent,1,0.0,1.0,1.0,1.0,1.0,0.0,0.0,57.0,60.0,54.0,62.0,0.0,472.0,224.0,0.0,1.0,0.0,0.0
381,2694424,A Level or Equivalent,1,1.0,1.0,1.0,1.0,1.0,0.0,89.0,74.0,80.0,94.0,60.0,0.0,4218.0,1255.0,0.0,1.0,0.0,0.0
382,2698257,Lower Than A Level,1,1.0,1.0,1.0,1.0,1.0,0.0,58.0,64.0,76.0,67.0,74.0,0.0,758.0,267.0,0.0,1.0,0.0,0.0
